sample_name	library_ID	title	library_strategy	library_source	library_selection	library_layout	platform	instrument_model	design_description	filetype	filename	filename2
AS127	AS127	16 rRNA V3V4 metabarcoding sample of Garra jordanica Fish skin swab collected from Israel:Hermon Stream biological replicate 1	AMPLICON	GENOMIC	PCR	paired	ILLUMINA	Illumina MiSeq	Single barcode, two-step PCR, V3-V4 fragment	fastq	AS127_S87_L001_R1_001.fastq.gz	AS127_S87_L001_R2_001.fastq.gz
AS146BC22	AS146BC22	16 rRNA V3V4 metabarcoding sample of  Water collected from Israel:Snir Stream 	AMPLICON	GENOMIC	PCR	paired	ILLUMINA	Illumina MiSeq	Single barcode, two-step PCR, V3-V4 fragment	fastq	AS146BC22_S156_L001_R1_001.fastq.gz	AS146BC22_S156_L001_R2_001.fastq.gz
AS131	AS131	16 rRNA V3V4 metabarcoding sample of Capoeta damascina Fish skin swab collected from Israel:Hermon Stream biological replicate 4	AMPLICON	GENOMIC	PCR	paired	ILLUMINA	Illumina MiSeq	Single barcode, two-step PCR, V3-V4 fragment	fastq	AS131_S91_L001_R1_001.fastq.gz	AS131_S91_L001_R2_001.fastq.gz
AS178	AS178	16 rRNA V3V4 metabarcoding sample of Oxynoemacheilus insignis Fish skin swab collected from Israel:Snir Stream biological replicate 2	AMPLICON	GENOMIC	PCR	paired	ILLUMINA	Illumina MiSeq	Single barcode, two-step PCR, V3-V4 fragment	fastq	AS178_S67_L001_R1_001.fastq.gz	AS178_S67_L001_R2_001.fastq.gz
AS246	AS246	16 rRNA V3V4 metabarcoding sample of Pseudophoxinus kervillei Fish skin swab collected from Israel:Jordan River, North of Sea of Galilee biological replicate 3	AMPLICON	GENOMIC	PCR	paired	ILLUMINA	Illumina MiSeq	Single barcode, two-step PCR, V3-V4 fragment	fastq	AS246_S69_L001_R1_001.fastq.gz	AS246_S69_L001_R2_001.fastq.gz
AS122	AS122	16 rRNA V3V4 metabarcoding sample of Capoeta damascina Fish skin swab collected from Israel:Hermon Stream biological replicate 1	AMPLICON	GENOMIC	PCR	paired	ILLUMINA	Illumina MiSeq	Single barcode, two-step PCR, V3-V4 fragment	fastq	AS122_S12_L001_R1_001.fastq.gz	AS122_S12_L001_R2_001.fastq.gz
AS219	AS219	16 rRNA V3V4 metabarcoding sample of Carasobarbus canis Fish skin swab collected from Israel:Jordan River, North of Sea of Galilee biological replicate 2	AMPLICON	GENOMIC	PCR	paired	ILLUMINA	Illumina MiSeq	Single barcode, two-step PCR, V3-V4 fragment	fastq	AS219_S46_L001_R1_001.fastq.gz	AS219_S46_L001_R2_001.fastq.gz
AS126BC20	AS126BC20	16 rRNA V3V4 metabarcoding sample of  Water collected from Israel:Hermon Stream 	AMPLICON	GENOMIC	PCR	paired	ILLUMINA	Illumina MiSeq	Single barcode, two-step PCR, V3-V4 fragment	fastq	AS126BC20_S154_L001_R1_001.fastq.gz	AS126BC20_S154_L001_R2_001.fastq.gz
AS191	AS191	16 rRNA V3V4 metabarcoding sample of Barbus longiceps Fish skin swab collected from Israel:Snir Stream biological replicate 3	AMPLICON	GENOMIC	PCR	paired	ILLUMINA	Illumina MiSeq	Single barcode, two-step PCR, V3-V4 fragment	fastq	AS191_S80_L001_R1_001.fastq.gz	AS191_S80_L001_R2_001.fastq.gz
AS77	AS77	16 rRNA V3V4 metabarcoding sample of Cichlidae Fish skin swab collected from Israel:Asi Stream biological replicate 2	AMPLICON	GENOMIC	PCR	paired	ILLUMINA	Illumina MiSeq	Single barcode, two-step PCR, V3-V4 fragment	fastq	AS77_S20_L001_R1_001.fastq.gz	AS77_S20_L001_R2_001.fastq.gz
AS91	AS91	16 rRNA V3V4 metabarcoding sample of Coptodon zillii Fish skin swab collected from Israel:Asi Stream biological replicate 3	AMPLICON	GENOMIC	PCR	paired	ILLUMINA	Illumina MiSeq	Single barcode, two-step PCR, V3-V4 fragment	fastq	AS91_S35_L001_R1_001.fastq.gz	AS91_S35_L001_R2_001.fastq.gz
AS180	AS180	16 rRNA V3V4 metabarcoding sample of Oxynoemacheilus insignis Fish skin swab collected from Israel:Snir Stream biological replicate 4	AMPLICON	GENOMIC	PCR	paired	ILLUMINA	Illumina MiSeq	Single barcode, two-step PCR, V3-V4 fragment	fastq	AS180_S69_L001_R1_001.fastq.gz	AS180_S69_L001_R2_001.fastq.gz
AS229	AS229	16 rRNA V3V4 metabarcoding sample of Oxynoemacheilus insignis Fish skin swab collected from Israel:Jordan River, North of Sea of Galilee biological replicate 4	AMPLICON	GENOMIC	PCR	paired	ILLUMINA	Illumina MiSeq	Single barcode, two-step PCR, V3-V4 fragment	fastq	AS229_S63_L001_R1_001.fastq.gz	AS229_S63_L001_R2_001.fastq.gz
AS182	AS182	16 rRNA V3V4 metabarcoding sample of Oxynoemacheilus insignis Fish skin swab collected from Israel:Snir Stream biological replicate 6	AMPLICON	GENOMIC	PCR	paired	ILLUMINA	Illumina MiSeq	Single barcode, two-step PCR, V3-V4 fragment	fastq	AS182_S71_L001_R1_001.fastq.gz	AS182_S71_L001_R2_001.fastq.gz
AS93	AS93	16 rRNA V3V4 metabarcoding sample of Coptodon zillii Fish skin swab collected from Israel:Asi Stream biological replicate 5	AMPLICON	GENOMIC	PCR	paired	ILLUMINA	Illumina MiSeq	Single barcode, two-step PCR, V3-V4 fragment	fastq	AS93_S37_L001_R1_001.fastq.gz	AS93_S37_L001_R2_001.fastq.gz
AS145	AS145	16 rRNA V3V4 metabarcoding sample of Oxynoemacheilus insignis Fish skin swab collected from Israel:Tel Saharonim biological replicate 5	AMPLICON	GENOMIC	PCR	paired	ILLUMINA	Illumina MiSeq	Single barcode, two-step PCR, V3-V4 fragment	fastq	AS145_S85_L001_R1_001.fastq.gz	AS145_S85_L001_R2_001.fastq.gz
AS179	AS179	16 rRNA V3V4 metabarcoding sample of Oxynoemacheilus insignis Fish skin swab collected from Israel:Snir Stream biological replicate 3	AMPLICON	GENOMIC	PCR	paired	ILLUMINA	Illumina MiSeq	Single barcode, two-step PCR, V3-V4 fragment	fastq	AS179_S68_L001_R1_001.fastq.gz	AS179_S68_L001_R2_001.fastq.gz
AS101	AS101	16 rRNA V3V4 metabarcoding sample of Oxynoemacheilus insignis Fish skin swab collected from Israel:Hermon Stream biological replicate 1	AMPLICON	GENOMIC	PCR	paired	ILLUMINA	Illumina MiSeq	Single barcode, two-step PCR, V3-V4 fragment	fastq	AS101_S49_L001_R1_001.fastq.gz	AS101_S49_L001_R2_001.fastq.gz
AS183	AS183	16 rRNA V3V4 metabarcoding sample of Oxynoemacheilus insignis Fish skin swab collected from Israel:Snir Stream biological replicate 7	AMPLICON	GENOMIC	PCR	paired	ILLUMINA	Illumina MiSeq	Single barcode, two-step PCR, V3-V4 fragment	fastq	AS183_S72_L001_R1_001.fastq.gz	AS183_S72_L001_R2_001.fastq.gz
AS137	AS137	16 rRNA V3V4 metabarcoding sample of Carasobarbus canis Fish skin swab collected from Israel:Hermon Stream biological replicate 2	AMPLICON	GENOMIC	PCR	paired	ILLUMINA	Illumina MiSeq	Single barcode, two-step PCR, V3-V4 fragment	fastq	AS137_S44_L001_R1_001.fastq.gz	AS137_S44_L001_R2_001.fastq.gz
AS75	AS75	16 rRNA V3V4 metabarcoding sample of Oreochromis Fish skin swab collected from Israel:Asi Stream biological replicate 1	AMPLICON	GENOMIC	PCR	paired	ILLUMINA	Illumina MiSeq	Single barcode, two-step PCR, V3-V4 fragment	fastq	AS75_S18_L001_R1_001.fastq.gz	AS75_S18_L001_R2_001.fastq.gz
AS60	AS60	16 rRNA V3V4 metabarcoding sample of Gambusia affinis Fish skin swab collected from Israel:Tel Saharonim biological replicate 3	AMPLICON	GENOMIC	PCR	paired	ILLUMINA	Illumina MiSeq	Single barcode, two-step PCR, V3-V4 fragment	fastq	AS60_S3_L001_R1_001.fastq.gz	AS60_S3_L001_R2_001.fastq.gz
AS223	AS223	16 rRNA V3V4 metabarcoding sample of Acanthobrama lissneri Fish skin swab collected from Israel:Jordan River, North of Sea of Galilee biological replicate 2	AMPLICON	GENOMIC	PCR	paired	ILLUMINA	Illumina MiSeq	Single barcode, two-step PCR, V3-V4 fragment	fastq	AS223_S76_L001_R1_001.fastq.gz	AS223_S76_L001_R2_001.fastq.gz
AS172	AS172	16 rRNA V3V4 metabarcoding sample of Capoeta damascina Fish skin swab collected from Israel:Snir Stream biological replicate 1	AMPLICON	GENOMIC	PCR	paired	ILLUMINA	Illumina MiSeq	Single barcode, two-step PCR, V3-V4 fragment	fastq	AS172_S61_L001_R1_001.fastq.gz	AS172_S61_L001_R2_001.fastq.gz
AS230	AS230	16 rRNA V3V4 metabarcoding sample of Oxynoemacheilus insignis Fish skin swab collected from Israel:Jordan River, North of Sea of Galilee biological replicate 5	AMPLICON	GENOMIC	PCR	paired	ILLUMINA	Illumina MiSeq	Single barcode, two-step PCR, V3-V4 fragment	fastq	AS230_S64_L001_R1_001.fastq.gz	AS230_S64_L001_R2_001.fastq.gz
AS150	AS150	16 rRNA V3V4 metabarcoding sample of Capoeta damascina Fish skin swab collected from Israel:Snir Stream biological replicate 2	AMPLICON	GENOMIC	PCR	paired	ILLUMINA	Illumina MiSeq	Single barcode, two-step PCR, V3-V4 fragment	fastq	AS150_S39_L001_R1_001.fastq.gz	AS150_S39_L001_R2_001.fastq.gz
AS224	AS224	16 rRNA V3V4 metabarcoding sample of Acanthobrama lissneri Fish skin swab collected from Israel:Jordan River, North of Sea of Galilee biological replicate 3	AMPLICON	GENOMIC	PCR	paired	ILLUMINA	Illumina MiSeq	Single barcode, two-step PCR, V3-V4 fragment	fastq	AS224_S77_L001_R1_001.fastq.gz	AS224_S77_L001_R2_001.fastq.gz
AS164	AS164	16 rRNA V3V4 metabarcoding sample of Carasobarbus canis Fish skin swab collected from Israel:Snir Stream biological replicate 1	AMPLICON	GENOMIC	PCR	paired	ILLUMINA	Illumina MiSeq	Single barcode, two-step PCR, V3-V4 fragment	fastq	AS164_S53_L001_R1_001.fastq.gz	AS164_S53_L001_R2_001.fastq.gz
AS68	AS68	16 rRNA V3V4 metabarcoding sample of Coptodon zillii Fish skin swab collected from Israel:Tel Saharonim biological replicate 1	AMPLICON	GENOMIC	PCR	paired	ILLUMINA	Illumina MiSeq	Single barcode, two-step PCR, V3-V4 fragment	fastq	AS68_S16_L001_R1_001.fastq.gz	AS68_S16_L001_R2_001.fastq.gz
AS154	AS154	16 rRNA V3V4 metabarcoding sample of Garra jordanica Fish skin swab collected from Israel:Snir Stream biological replicate 1	AMPLICON	GENOMIC	PCR	paired	ILLUMINA	Illumina MiSeq	Single barcode, two-step PCR, V3-V4 fragment	fastq	AS154_S43_L001_R1_001.fastq.gz	AS154_S43_L001_R2_001.fastq.gz
AS247	AS247	16 rRNA V3V4 metabarcoding sample of Pseudophoxinus kervillei Fish skin swab collected from Israel:Jordan River, North of Sea of Galilee biological replicate 4	AMPLICON	GENOMIC	PCR	paired	ILLUMINA	Illumina MiSeq	Single barcode, two-step PCR, V3-V4 fragment	fastq	AS247_S70_L001_R1_001.fastq.gz	AS247_S70_L001_R2_001.fastq.gz
AS156	AS156	16 rRNA V3V4 metabarcoding sample of Garra jordanica Fish skin swab collected from Israel:Snir Stream biological replicate 3	AMPLICON	GENOMIC	PCR	paired	ILLUMINA	Illumina MiSeq	Single barcode, two-step PCR, V3-V4 fragment	fastq	AS156_S45_L001_R1_001.fastq.gz	AS156_S45_L001_R2_001.fastq.gz
AS227	AS227	16 rRNA V3V4 metabarcoding sample of Oxynoemacheilus insignis Fish skin swab collected from Israel:Jordan River, North of Sea of Galilee biological replicate 2	AMPLICON	GENOMIC	PCR	paired	ILLUMINA	Illumina MiSeq	Single barcode, two-step PCR, V3-V4 fragment	fastq	AS227_S61_L001_R1_001.fastq.gz	AS227_S61_L001_R2_001.fastq.gz
AS142	AS142	16 rRNA V3V4 metabarcoding sample of Oxynoemacheilus insignis Fish skin swab collected from Israel:Tel Saharonim biological replicate 2	AMPLICON	GENOMIC	PCR	paired	ILLUMINA	Illumina MiSeq	Single barcode, two-step PCR, V3-V4 fragment	fastq	AS142_S96_L001_R1_001.fastq.gz	AS142_S96_L001_R2_001.fastq.gz
AS117	AS117	16 rRNA V3V4 metabarcoding sample of Oxynoemacheilus insignis Fish skin swab collected from Israel:Hermon Stream biological replicate 4	AMPLICON	GENOMIC	PCR	paired	ILLUMINA	Illumina MiSeq	Single barcode, two-step PCR, V3-V4 fragment	fastq	AS117_S56_L001_R1_001.fastq.gz	AS117_S56_L001_R2_001.fastq.gz
AS243	AS243	16 rRNA V3V4 metabarcoding sample of Sarotherodon  galilaeus Fish skin swab collected from Israel:Jordan River, North of Sea of Galilee biological replicate 3	AMPLICON	GENOMIC	PCR	paired	ILLUMINA	Illumina MiSeq	Single barcode, two-step PCR, V3-V4 fragment	fastq	AS243_S73_L001_R1_001.fastq.gz	AS243_S73_L001_R2_001.fastq.gz
AS205	AS205	16 rRNA V3V4 metabarcoding sample of Coptodon zillii Fish skin swab collected from Israel:Jordan River, North of Sea of Galilee biological replicate 4	AMPLICON	GENOMIC	PCR	paired	ILLUMINA	Illumina MiSeq	Single barcode, two-step PCR, V3-V4 fragment	fastq	AS205_S37_L001_R1_001.fastq.gz	AS205_S37_L001_R2_001.fastq.gz
AS214	AS214	16 rRNA V3V4 metabarcoding sample of Capoeta damascina Fish skin swab collected from Israel:Jordan River, North of Sea of Galilee biological replicate 1	AMPLICON	GENOMIC	PCR	paired	ILLUMINA	Illumina MiSeq	Single barcode, two-step PCR, V3-V4 fragment	fastq	AS214_S19_L001_R1_001.fastq.gz	AS214_S19_L001_R2_001.fastq.gz
AS106	AS106	16 rRNA V3V4 metabarcoding sample of Capoeta damascina Fish skin swab collected from Israel:Hermon Stream biological replicate 2	AMPLICON	GENOMIC	PCR	paired	ILLUMINA	Illumina MiSeq	Single barcode, two-step PCR, V3-V4 fragment	fastq	AS106_S5_L001_R1_001.fastq.gz	AS106_S5_L001_R2_001.fastq.gz
AS148BC24	AS148BC24	16 rRNA V3V4 metabarcoding sample of  Water collected from Israel:Snir Stream 	AMPLICON	GENOMIC	PCR	paired	ILLUMINA	Illumina MiSeq	Single barcode, two-step PCR, V3-V4 fragment	fastq	AS148BC24_S158_L001_R1_001.fastq.gz	AS148BC24_S158_L001_R2_001.fastq.gz
AS210	AS210	16 rRNA V3V4 metabarcoding sample of Oreochromis aureus Fish skin swab collected from Israel:Jordan River, North of Sea of Galilee biological replicate 1	AMPLICON	GENOMIC	PCR	paired	ILLUMINA	Illumina MiSeq	Single barcode, two-step PCR, V3-V4 fragment	fastq	AS210_S30_L001_R1_001.fastq.gz	AS210_S30_L001_R2_001.fastq.gz
AS84	AS84	16 rRNA V3V4 metabarcoding sample of Astatotilapia flaviijosephi Fish skin swab collected from Israel:Asi Stream biological replicate 3	AMPLICON	GENOMIC	PCR	paired	ILLUMINA	Illumina MiSeq	Single barcode, two-step PCR, V3-V4 fragment	fastq	AS84_S28_L001_R1_001.fastq.gz	AS84_S28_L001_R2_001.fastq.gz
AS102	AS102	16 rRNA V3V4 metabarcoding sample of Oxynoemacheilus insignis Fish skin swab collected from Israel:Hermon Stream biological replicate 2	AMPLICON	GENOMIC	PCR	paired	ILLUMINA	Illumina MiSeq	Single barcode, two-step PCR, V3-V4 fragment	fastq	AS102_S50_L001_R1_001.fastq.gz	AS102_S50_L001_R2_001.fastq.gz
AS76	AS76	16 rRNA V3V4 metabarcoding sample of Cichlidae Fish skin swab collected from Israel:Asi Stream biological replicate 1	AMPLICON	GENOMIC	PCR	paired	ILLUMINA	Illumina MiSeq	Single barcode, two-step PCR, V3-V4 fragment	fastq	AS76_S19_L001_R1_001.fastq.gz	AS76_S19_L001_R2_001.fastq.gz
AS220	AS220	16 rRNA V3V4 metabarcoding sample of Carasobarbus canis Fish skin swab collected from Israel:Jordan River, North of Sea of Galilee biological replicate 3	AMPLICON	GENOMIC	PCR	paired	ILLUMINA	Illumina MiSeq	Single barcode, two-step PCR, V3-V4 fragment	fastq	AS220_S47_L001_R1_001.fastq.gz	AS220_S47_L001_R2_001.fastq.gz
AS232	AS232	16 rRNA V3V4 metabarcoding sample of Capoeta damascina Fish skin swab collected from Israel:Jordan River, North of Sea of Galilee biological replicate 1	AMPLICON	GENOMIC	PCR	paired	ILLUMINA	Illumina MiSeq	Single barcode, two-step PCR, V3-V4 fragment	fastq	AS232_S23_L001_R1_001.fastq.gz	AS232_S23_L001_R2_001.fastq.gz
AS203	AS203	16 rRNA V3V4 metabarcoding sample of Coptodon zillii Fish skin swab collected from Israel:Jordan River, North of Sea of Galilee biological replicate 2	AMPLICON	GENOMIC	PCR	paired	ILLUMINA	Illumina MiSeq	Single barcode, two-step PCR, V3-V4 fragment	fastq	AS203_S35_L001_R1_001.fastq.gz	AS203_S35_L001_R2_001.fastq.gz
AS123	AS123	16 rRNA V3V4 metabarcoding sample of Capoeta damascina Fish skin swab collected from Israel:Hermon Stream biological replicate 2	AMPLICON	GENOMIC	PCR	paired	ILLUMINA	Illumina MiSeq	Single barcode, two-step PCR, V3-V4 fragment	fastq	AS123_S13_L001_R1_001.fastq.gz	AS123_S13_L001_R2_001.fastq.gz
AS58	AS58	16 rRNA V3V4 metabarcoding sample of Gambusia affinis Fish skin swab collected from Israel:Tel Saharonim biological replicate 1	AMPLICON	GENOMIC	PCR	paired	ILLUMINA	Illumina MiSeq	Single barcode, two-step PCR, V3-V4 fragment	fastq	AS58_S1_L001_R1_001.fastq.gz	AS58_S1_L001_R2_001.fastq.gz
AS88	AS88	16 rRNA V3V4 metabarcoding sample of Sarotherodon  galilaeus Fish skin swab collected from Israel:Asi Stream biological replicate 4	AMPLICON	GENOMIC	PCR	paired	ILLUMINA	Illumina MiSeq	Single barcode, two-step PCR, V3-V4 fragment	fastq	AS88_S32_L001_R1_001.fastq.gz	AS88_S32_L001_R2_001.fastq.gz
AS149	AS149	16 rRNA V3V4 metabarcoding sample of Capoeta damascina Fish skin swab collected from Israel:Snir Stream biological replicate 1	AMPLICON	GENOMIC	PCR	paired	ILLUMINA	Illumina MiSeq	Single barcode, two-step PCR, V3-V4 fragment	fastq	AS149_S38_L001_R1_001.fastq.gz	AS149_S38_L001_R2_001.fastq.gz
AS80	AS80	16 rRNA V3V4 metabarcoding sample of Mugil Fish skin swab collected from Israel:Asi Stream biological replicate 2	AMPLICON	GENOMIC	PCR	paired	ILLUMINA	Illumina MiSeq	Single barcode, two-step PCR, V3-V4 fragment	fastq	AS80_S22_L001_R1_001.fastq.gz	AS80_S22_L001_R2_001.fastq.gz
AS82	AS82	16 rRNA V3V4 metabarcoding sample of Astatotilapia flaviijosephi Fish skin swab collected from Israel:Asi Stream biological replicate 1	AMPLICON	GENOMIC	PCR	paired	ILLUMINA	Illumina MiSeq	Single barcode, two-step PCR, V3-V4 fragment	fastq	AS82_S26_L001_R1_001.fastq.gz	AS82_S26_L001_R2_001.fastq.gz
AS124	AS124	16 rRNA V3V4 metabarcoding sample of Capoeta damascina Fish skin swab collected from Israel:Hermon Stream biological replicate 3	AMPLICON	GENOMIC	PCR	paired	ILLUMINA	Illumina MiSeq	Single barcode, two-step PCR, V3-V4 fragment	fastq	AS124_S14_L001_R1_001.fastq.gz	AS124_S14_L001_R2_001.fastq.gz
AS59	AS59	16 rRNA V3V4 metabarcoding sample of Gambusia affinis Fish skin swab collected from Israel:Tel Saharonim biological replicate 2	AMPLICON	GENOMIC	PCR	paired	ILLUMINA	Illumina MiSeq	Single barcode, two-step PCR, V3-V4 fragment	fastq	AS59_S2_L001_R1_001.fastq.gz	AS59_S2_L001_R2_001.fastq.gz
AS64	AS64	16 rRNA V3V4 metabarcoding sample of Sarotherodon  galilaeus Fish skin swab collected from Israel:Tel Saharonim biological replicate 2	AMPLICON	GENOMIC	PCR	paired	ILLUMINA	Illumina MiSeq	Single barcode, two-step PCR, V3-V4 fragment	fastq	AS64_S7_L001_R1_001.fastq.gz	AS64_S7_L001_R2_001.fastq.gz
AS249	AS249	16 rRNA V3V4 metabarcoding sample of Cichlidae Fish skin swab collected from Israel:Jordan River, North of Sea of Galilee biological replicate 2	AMPLICON	GENOMIC	PCR	paired	ILLUMINA	Illumina MiSeq	Single barcode, two-step PCR, V3-V4 fragment	fastq	AS249_S80_L001_R1_001.fastq.gz	AS249_S80_L001_R2_001.fastq.gz
AS104	AS104	16 rRNA V3V4 metabarcoding sample of Oxynoemacheilus insignis Fish skin swab collected from Israel:Hermon Stream biological replicate 4	AMPLICON	GENOMIC	PCR	paired	ILLUMINA	Illumina MiSeq	Single barcode, two-step PCR, V3-V4 fragment	fastq	AS104_S52_L001_R1_001.fastq.gz	AS104_S52_L001_R2_001.fastq.gz
AS204	AS204	16 rRNA V3V4 metabarcoding sample of Coptodon zillii Fish skin swab collected from Israel:Jordan River, North of Sea of Galilee biological replicate 3	AMPLICON	GENOMIC	PCR	paired	ILLUMINA	Illumina MiSeq	Single barcode, two-step PCR, V3-V4 fragment	fastq	AS204_S36_L001_R1_001.fastq.gz	AS204_S36_L001_R2_001.fastq.gz
AS238	AS238	16 rRNA V3V4 metabarcoding sample of Coptodon zillii Fish skin swab collected from Israel:Jordan River, North of Sea of Galilee biological replicate 2	AMPLICON	GENOMIC	PCR	paired	ILLUMINA	Illumina MiSeq	Single barcode, two-step PCR, V3-V4 fragment	fastq	AS238_S40_L001_R1_001.fastq.gz	AS238_S40_L001_R2_001.fastq.gz
AS121	AS121	16 rRNA V3V4 metabarcoding sample of Oxynoemacheilus insignis Fish skin swab collected from Israel:Hermon Stream biological replicate 3	AMPLICON	GENOMIC	PCR	paired	ILLUMINA	Illumina MiSeq	Single barcode, two-step PCR, V3-V4 fragment	fastq	AS121_S59_L001_R1_001.fastq.gz	AS121_S59_L001_R2_001.fastq.gz
AS189	AS189	16 rRNA V3V4 metabarcoding sample of Barbus longiceps Fish skin swab collected from Israel:Snir Stream biological replicate 1	AMPLICON	GENOMIC	PCR	paired	ILLUMINA	Illumina MiSeq	Single barcode, two-step PCR, V3-V4 fragment	fastq	AS189_S78_L001_R1_001.fastq.gz	AS189_S78_L001_R2_001.fastq.gz
AS125	AS125	16 rRNA V3V4 metabarcoding sample of Capoeta damascina Fish skin swab collected from Israel:Hermon Stream biological replicate 4	AMPLICON	GENOMIC	PCR	paired	ILLUMINA	Illumina MiSeq	Single barcode, two-step PCR, V3-V4 fragment	fastq	AS125_S15_L001_R1_001.fastq.gz	AS125_S15_L001_R2_001.fastq.gz
AS111	AS111	16 rRNA V3V4 metabarcoding sample of Capoeta damascina Fish skin swab collected from Israel:Hermon Stream biological replicate 2	AMPLICON	GENOMIC	PCR	paired	ILLUMINA	Illumina MiSeq	Single barcode, two-step PCR, V3-V4 fragment	fastq	AS111_S9_L001_R1_001.fastq.gz	AS111_S9_L001_R2_001.fastq.gz
AS194	AS194	16 rRNA V3V4 metabarcoding sample of Capoeta damascina Fish skin swab collected from Israel:Snir Stream biological replicate 3	AMPLICON	GENOMIC	PCR	paired	ILLUMINA	Illumina MiSeq	Single barcode, two-step PCR, V3-V4 fragment	fastq	AS194_S83_L001_R1_001.fastq.gz	AS194_S83_L001_R2_001.fastq.gz
AS138	AS138	16 rRNA V3V4 metabarcoding sample of Capoeta damascina Fish skin swab collected from Israel:Hermon Stream biological replicate 1	AMPLICON	GENOMIC	PCR	paired	ILLUMINA	Illumina MiSeq	Single barcode, two-step PCR, V3-V4 fragment	fastq	AS138_S16_L001_R1_001.fastq.gz	AS138_S16_L001_R2_001.fastq.gz
AS139	AS139	16 rRNA V3V4 metabarcoding sample of Capoeta damascina Fish skin swab collected from Israel:Hermon Stream biological replicate 2	AMPLICON	GENOMIC	PCR	paired	ILLUMINA	Illumina MiSeq	Single barcode, two-step PCR, V3-V4 fragment	fastq	AS139_S17_L001_R1_001.fastq.gz	AS139_S17_L001_R2_001.fastq.gz
AS202	AS202	16 rRNA V3V4 metabarcoding sample of Coptodon zillii Fish skin swab collected from Israel:Jordan River, North of Sea of Galilee biological replicate 1	AMPLICON	GENOMIC	PCR	paired	ILLUMINA	Illumina MiSeq	Single barcode, two-step PCR, V3-V4 fragment	fastq	AS202_S34_L001_R1_001.fastq.gz	AS202_S34_L001_R2_001.fastq.gz
AS226	AS226	16 rRNA V3V4 metabarcoding sample of Oxynoemacheilus insignis Fish skin swab collected from Israel:Jordan River, North of Sea of Galilee biological replicate 1	AMPLICON	GENOMIC	PCR	paired	ILLUMINA	Illumina MiSeq	Single barcode, two-step PCR, V3-V4 fragment	fastq	AS226_S60_L001_R1_001.fastq.gz	AS226_S60_L001_R2_001.fastq.gz
AS236	AS236	16 rRNA V3V4 metabarcoding sample of Capoeta damascina Fish skin swab collected from Israel:Jordan River, North of Sea of Galilee biological replicate 5	AMPLICON	GENOMIC	PCR	paired	ILLUMINA	Illumina MiSeq	Single barcode, two-step PCR, V3-V4 fragment	fastq	AS236_S28_L001_R1_001.fastq.gz	AS236_S28_L001_R2_001.fastq.gz
AS86	AS86	16 rRNA V3V4 metabarcoding sample of Sarotherodon  galilaeus Fish skin swab collected from Israel:Asi Stream biological replicate 2	AMPLICON	GENOMIC	PCR	paired	ILLUMINA	Illumina MiSeq	Single barcode, two-step PCR, V3-V4 fragment	fastq	AS86_S30_L001_R1_001.fastq.gz	AS86_S30_L001_R2_001.fastq.gz
AS151	AS151	16 rRNA V3V4 metabarcoding sample of Capoeta damascina Fish skin swab collected from Israel:Snir Stream biological replicate 3	AMPLICON	GENOMIC	PCR	paired	ILLUMINA	Illumina MiSeq	Single barcode, two-step PCR, V3-V4 fragment	fastq	AS151_S40_L001_R1_001.fastq.gz	AS151_S40_L001_R2_001.fastq.gz
AS114	AS114	16 rRNA V3V4 metabarcoding sample of Oxynoemacheilus insignis Fish skin swab collected from Israel:Hermon Stream biological replicate 1	AMPLICON	GENOMIC	PCR	paired	ILLUMINA	Illumina MiSeq	Single barcode, two-step PCR, V3-V4 fragment	fastq	AS114_S53_L001_R1_001.fastq.gz	AS114_S53_L001_R2_001.fastq.gz
AS133	AS133	16 rRNA V3V4 metabarcoding sample of Capoeta damascina Fish skin swab collected from Israel:Hermon Stream biological replicate 6	AMPLICON	GENOMIC	PCR	paired	ILLUMINA	Illumina MiSeq	Single barcode, two-step PCR, V3-V4 fragment	fastq	AS133_S93_L001_R1_001.fastq.gz	AS133_S93_L001_R2_001.fastq.gz
AS211	AS211	16 rRNA V3V4 metabarcoding sample of Oreochromis aureus Fish skin swab collected from Israel:Jordan River, North of Sea of Galilee biological replicate 2	AMPLICON	GENOMIC	PCR	paired	ILLUMINA	Illumina MiSeq	Single barcode, two-step PCR, V3-V4 fragment	fastq	AS211_S31_L001_R1_001.fastq.gz	AS211_S31_L001_R2_001.fastq.gz
AS129	AS129	16 rRNA V3V4 metabarcoding sample of Capoeta damascina Fish skin swab collected from Israel:Hermon Stream biological replicate 2	AMPLICON	GENOMIC	PCR	paired	ILLUMINA	Illumina MiSeq	Single barcode, two-step PCR, V3-V4 fragment	fastq	AS129_S89_L001_R1_001.fastq.gz	AS129_S89_L001_R2_001.fastq.gz
AS108	AS108	16 rRNA V3V4 metabarcoding sample of Capoeta damascina Fish skin swab collected from Israel:Hermon Stream biological replicate 4	AMPLICON	GENOMIC	PCR	paired	ILLUMINA	Illumina MiSeq	Single barcode, two-step PCR, V3-V4 fragment	fastq	AS108_S7_L001_R1_001.fastq.gz	AS108_S7_L001_R2_001.fastq.gz
AS225	AS225	16 rRNA V3V4 metabarcoding sample of Acanthobrama lissneri Fish skin swab collected from Israel:Jordan River, North of Sea of Galilee biological replicate 4	AMPLICON	GENOMIC	PCR	paired	ILLUMINA	Illumina MiSeq	Single barcode, two-step PCR, V3-V4 fragment	fastq	AS225_S78_L001_R1_001.fastq.gz	AS225_S78_L001_R2_001.fastq.gz
AS136	AS136	16 rRNA V3V4 metabarcoding sample of Carasobarbus canis Fish skin swab collected from Israel:Hermon Stream biological replicate 1	AMPLICON	GENOMIC	PCR	paired	ILLUMINA	Illumina MiSeq	Single barcode, two-step PCR, V3-V4 fragment	fastq	AS136_S43_L001_R1_001.fastq.gz	AS136_S43_L001_R2_001.fastq.gz
AS216	AS216	16 rRNA V3V4 metabarcoding sample of Capoeta damascina Fish skin swab collected from Israel:Jordan River, North of Sea of Galilee biological replicate 3	AMPLICON	GENOMIC	PCR	paired	ILLUMINA	Illumina MiSeq	Single barcode, two-step PCR, V3-V4 fragment	fastq	AS216_S21_L001_R1_001.fastq.gz	AS216_S21_L001_R2_001.fastq.gz
AS115	AS115	16 rRNA V3V4 metabarcoding sample of Oxynoemacheilus insignis Fish skin swab collected from Israel:Hermon Stream biological replicate 2	AMPLICON	GENOMIC	PCR	paired	ILLUMINA	Illumina MiSeq	Single barcode, two-step PCR, V3-V4 fragment	fastq	AS115_S54_L001_R1_001.fastq.gz	AS115_S54_L001_R2_001.fastq.gz
AS213	AS213	16 rRNA V3V4 metabarcoding sample of Oreochromis aureus Fish skin swab collected from Israel:Jordan River, North of Sea of Galilee biological replicate 4	AMPLICON	GENOMIC	PCR	paired	ILLUMINA	Illumina MiSeq	Single barcode, two-step PCR, V3-V4 fragment	fastq	AS213_S33_L001_R1_001.fastq.gz	AS213_S33_L001_R2_001.fastq.gz
AS234	AS234	16 rRNA V3V4 metabarcoding sample of Capoeta damascina Fish skin swab collected from Israel:Jordan River, North of Sea of Galilee biological replicate 3	AMPLICON	GENOMIC	PCR	paired	ILLUMINA	Illumina MiSeq	Single barcode, two-step PCR, V3-V4 fragment	fastq	AS234_S25_L001_R1_001.fastq.gz	AS234_S25_L001_R2_001.fastq.gz
AS186	AS186	16 rRNA V3V4 metabarcoding sample of Carasobarbus canis Fish skin swab collected from Israel:Snir Stream biological replicate 1	AMPLICON	GENOMIC	PCR	paired	ILLUMINA	Illumina MiSeq	Single barcode, two-step PCR, V3-V4 fragment	fastq	AS186_S75_L001_R1_001.fastq.gz	AS186_S75_L001_R2_001.fastq.gz
AS235	AS235	16 rRNA V3V4 metabarcoding sample of Capoeta damascina Fish skin swab collected from Israel:Jordan River, North of Sea of Galilee biological replicate 4	AMPLICON	GENOMIC	PCR	paired	ILLUMINA	Illumina MiSeq	Single barcode, two-step PCR, V3-V4 fragment	fastq	AS235_S27_L001_R1_001.fastq.gz	AS235_S27_L001_R2_001.fastq.gz
AS162	AS162	16 rRNA V3V4 metabarcoding sample of Carasobarbus canis Fish skin swab collected from Israel:Snir Stream biological replicate 4	AMPLICON	GENOMIC	PCR	paired	ILLUMINA	Illumina MiSeq	Single barcode, two-step PCR, V3-V4 fragment	fastq	AS162_S51_L001_R1_001.fastq.gz	AS162_S51_L001_R2_001.fastq.gz
AS140	AS140	16 rRNA V3V4 metabarcoding sample of Capoeta damascina Fish skin swab collected from Israel:Hermon Stream biological replicate 3	AMPLICON	GENOMIC	PCR	paired	ILLUMINA	Illumina MiSeq	Single barcode, two-step PCR, V3-V4 fragment	fastq	AS140_S18_L001_R1_001.fastq.gz	AS140_S18_L001_R2_001.fastq.gz
AS61	AS61	16 rRNA V3V4 metabarcoding sample of Gambusia affinis Fish skin swab collected from Israel:Tel Saharonim biological replicate 4	AMPLICON	GENOMIC	PCR	paired	ILLUMINA	Illumina MiSeq	Single barcode, two-step PCR, V3-V4 fragment	fastq	AS61_S4_L001_R1_001.fastq.gz	AS61_S4_L001_R2_001.fastq.gz
AS188	AS188	16 rRNA V3V4 metabarcoding sample of Carasobarbus canis Fish skin swab collected from Israel:Snir Stream biological replicate 3	AMPLICON	GENOMIC	PCR	paired	ILLUMINA	Illumina MiSeq	Single barcode, two-step PCR, V3-V4 fragment	fastq	AS188_S77_L001_R1_001.fastq.gz	AS188_S77_L001_R2_001.fastq.gz
AS158	AS158	16 rRNA V3V4 metabarcoding sample of Barbus longiceps Fish skin swab collected from Israel:Snir Stream biological replicate 1	AMPLICON	GENOMIC	PCR	paired	ILLUMINA	Illumina MiSeq	Single barcode, two-step PCR, V3-V4 fragment	fastq	AS158_S47_L001_R1_001.fastq.gz	AS158_S47_L001_R2_001.fastq.gz
AS166	AS166	16 rRNA V3V4 metabarcoding sample of Acanthobrama lissneri Fish skin swab collected from Israel:Snir Stream biological replicate 2	AMPLICON	GENOMIC	PCR	paired	ILLUMINA	Illumina MiSeq	Single barcode, two-step PCR, V3-V4 fragment	fastq	AS166_S55_L001_R1_001.fastq.gz	AS166_S55_L001_R2_001.fastq.gz
AS239	AS239	16 rRNA V3V4 metabarcoding sample of Coptodon zillii Fish skin swab collected from Israel:Jordan River, North of Sea of Galilee biological replicate 3	AMPLICON	GENOMIC	PCR	paired	ILLUMINA	Illumina MiSeq	Single barcode, two-step PCR, V3-V4 fragment	fastq	AS239_S41_L001_R1_001.fastq.gz	AS239_S41_L001_R2_001.fastq.gz
AS169	AS169	16 rRNA V3V4 metabarcoding sample of Garra jordanica Fish skin swab collected from Israel:Snir Stream biological replicate 3	AMPLICON	GENOMIC	PCR	paired	ILLUMINA	Illumina MiSeq	Single barcode, two-step PCR, V3-V4 fragment	fastq	AS169_S58_L001_R1_001.fastq.gz	AS169_S58_L001_R2_001.fastq.gz
AS100	AS100	16 rRNA V3V4 metabarcoding sample of Capoeta damascina Fish skin swab collected from Israel:Hermon Stream biological replicate 3	AMPLICON	GENOMIC	PCR	paired	ILLUMINA	Illumina MiSeq	Single barcode, two-step PCR, V3-V4 fragment	fastq	AS100_S3_L001_R1_001.fastq.gz	AS100_S3_L001_R2_001.fastq.gz
AS72	AS72	16 rRNA V3V4 metabarcoding sample of Oreochromis Fish skin swab collected from Israel:Tel Saharonim biological replicate 3	AMPLICON	GENOMIC	PCR	paired	ILLUMINA	Illumina MiSeq	Single barcode, two-step PCR, V3-V4 fragment	fastq	AS72_S15_L001_R1_001.fastq.gz	AS72_S15_L001_R2_001.fastq.gz
AS73	AS73	16 rRNA V3V4 metabarcoding sample of Oreochromis Fish skin swab collected from Israel:Tel Saharonim biological replicate 4	AMPLICON	GENOMIC	PCR	paired	ILLUMINA	Illumina MiSeq	Single barcode, two-step PCR, V3-V4 fragment	fastq	AS73_S11_L001_R1_001.fastq.gz	AS73_S11_L001_R2_001.fastq.gz
AS174	AS174	16 rRNA V3V4 metabarcoding sample of Capoeta damascina Fish skin swab collected from Israel:Snir Stream biological replicate 3	AMPLICON	GENOMIC	PCR	paired	ILLUMINA	Illumina MiSeq	Single barcode, two-step PCR, V3-V4 fragment	fastq	AS174_S63_L001_R1_001.fastq.gz	AS174_S63_L001_R2_001.fastq.gz
AS62	AS62	16 rRNA V3V4 metabarcoding sample of Gambusia affinis Fish skin swab collected from Israel:Tel Saharonim biological replicate 5	AMPLICON	GENOMIC	PCR	paired	ILLUMINA	Illumina MiSeq	Single barcode, two-step PCR, V3-V4 fragment	fastq	AS62_S5_L001_R1_001.fastq.gz	AS62_S5_L001_R2_001.fastq.gz
AS98	AS98	16 rRNA V3V4 metabarcoding sample of Capoeta damascina Fish skin swab collected from Israel:Hermon Stream biological replicate 1	AMPLICON	GENOMIC	PCR	paired	ILLUMINA	Illumina MiSeq	Single barcode, two-step PCR, V3-V4 fragment	fastq	AS98_S1_L001_R1_001.fastq.gz	AS98_S1_L001_R2_001.fastq.gz
AS63	AS63	16 rRNA V3V4 metabarcoding sample of Sarotherodon  galilaeus Fish skin swab collected from Israel:Tel Saharonim biological replicate 1	AMPLICON	GENOMIC	PCR	paired	ILLUMINA	Illumina MiSeq	Single barcode, two-step PCR, V3-V4 fragment	fastq	AS63_S6_L001_R1_001.fastq.gz	AS63_S6_L001_R2_001.fastq.gz
AS65	AS65	16 rRNA V3V4 metabarcoding sample of Sarotherodon  galilaeus Fish skin swab collected from Israel:Tel Saharonim biological replicate 3	AMPLICON	GENOMIC	PCR	paired	ILLUMINA	Illumina MiSeq	Single barcode, two-step PCR, V3-V4 fragment	fastq	AS65_S8_L001_R1_001.fastq.gz	AS65_S8_L001_R2_001.fastq.gz
AS94BC14	AS94BC14	16 rRNA V3V4 metabarcoding sample of  Water collected from Israel:Tel Saharonim 	AMPLICON	GENOMIC	PCR	paired	ILLUMINA	Illumina MiSeq	Single barcode, two-step PCR, V3-V4 fragment	fastq	AS94BC14_S148_L001_R1_001.fastq.gz	AS94BC14_S148_L001_R2_001.fastq.gz
AS67	AS67	16 rRNA V3V4 metabarcoding sample of Coptodon zillii Fish skin swab collected from Israel:Tel Saharonim biological replicate 3	AMPLICON	GENOMIC	PCR	paired	ILLUMINA	Illumina MiSeq	Single barcode, two-step PCR, V3-V4 fragment	fastq	AS67_S10_L001_R1_001.fastq.gz	AS67_S10_L001_R2_001.fastq.gz
AS171	AS171	16 rRNA V3V4 metabarcoding sample of Garra jordanica Fish skin swab collected from Israel:Snir Stream biological replicate 5	AMPLICON	GENOMIC	PCR	paired	ILLUMINA	Illumina MiSeq	Single barcode, two-step PCR, V3-V4 fragment	fastq	AS171_S60_L001_R1_001.fastq.gz	AS171_S60_L001_R2_001.fastq.gz
AS237	AS237	16 rRNA V3V4 metabarcoding sample of Coptodon zillii Fish skin swab collected from Israel:Jordan River, North of Sea of Galilee biological replicate 1	AMPLICON	GENOMIC	PCR	paired	ILLUMINA	Illumina MiSeq	Single barcode, two-step PCR, V3-V4 fragment	fastq	AS237_S39_L001_R1_001.fastq.gz	AS237_S39_L001_R2_001.fastq.gz
AS89	AS89	16 rRNA V3V4 metabarcoding sample of Coptodon zillii Fish skin swab collected from Israel:Asi Stream biological replicate 1	AMPLICON	GENOMIC	PCR	paired	ILLUMINA	Illumina MiSeq	Single barcode, two-step PCR, V3-V4 fragment	fastq	AS89_S33_L001_R1_001.fastq.gz	AS89_S33_L001_R2_001.fastq.gz
AS85	AS85	16 rRNA V3V4 metabarcoding sample of Sarotherodon  galilaeus Fish skin swab collected from Israel:Asi Stream biological replicate 1	AMPLICON	GENOMIC	PCR	paired	ILLUMINA	Illumina MiSeq	Single barcode, two-step PCR, V3-V4 fragment	fastq	AS85_S29_L001_R1_001.fastq.gz	AS85_S29_L001_R2_001.fastq.gz
AS207	AS207	16 rRNA V3V4 metabarcoding sample of Pseudophoxinus kervillei Fish skin swab collected from Israel:Jordan River, North of Sea of Galilee biological replicate 1	AMPLICON	GENOMIC	PCR	paired	ILLUMINA	Illumina MiSeq	Single barcode, two-step PCR, V3-V4 fragment	fastq	AS207_S66_L001_R1_001.fastq.gz	AS207_S66_L001_R2_001.fastq.gz
AS141	AS141	16 rRNA V3V4 metabarcoding sample of Oxynoemacheilus insignis Fish skin swab collected from Israel:Tel Saharonim biological replicate 1	AMPLICON	GENOMIC	PCR	paired	ILLUMINA	Illumina MiSeq	Single barcode, two-step PCR, V3-V4 fragment	fastq	AS141_S95_L001_R1_001.fastq.gz	AS141_S95_L001_R2_001.fastq.gz
AS187	AS187	16 rRNA V3V4 metabarcoding sample of Carasobarbus canis Fish skin swab collected from Israel:Snir Stream biological replicate 2	AMPLICON	GENOMIC	PCR	paired	ILLUMINA	Illumina MiSeq	Single barcode, two-step PCR, V3-V4 fragment	fastq	AS187_S76_L001_R1_001.fastq.gz	AS187_S76_L001_R2_001.fastq.gz
AS70	AS70	16 rRNA V3V4 metabarcoding sample of Oreochromis Fish skin swab collected from Israel:Tel Saharonim biological replicate 1	AMPLICON	GENOMIC	PCR	paired	ILLUMINA	Illumina MiSeq	Single barcode, two-step PCR, V3-V4 fragment	fastq	AS70_S13_L001_R1_001.fastq.gz	AS70_S13_L001_R2_001.fastq.gz
AS242	AS242	16 rRNA V3V4 metabarcoding sample of Sarotherodon  galilaeus Fish skin swab collected from Israel:Jordan River, North of Sea of Galilee biological replicate 2	AMPLICON	GENOMIC	PCR	paired	ILLUMINA	Illumina MiSeq	Single barcode, two-step PCR, V3-V4 fragment	fastq	AS242_S72_L001_R1_001.fastq.gz	AS242_S72_L001_R2_001.fastq.gz
AS185	AS185	16 rRNA V3V4 metabarcoding sample of Acanthobrama lissneri Fish skin swab collected from Israel:Snir Stream biological replicate 2	AMPLICON	GENOMIC	PCR	paired	ILLUMINA	Illumina MiSeq	Single barcode, two-step PCR, V3-V4 fragment	fastq	AS185_S74_L001_R1_001.fastq.gz	AS185_S74_L001_R2_001.fastq.gz
AS160	AS160	16 rRNA V3V4 metabarcoding sample of Carasobarbus canis Fish skin swab collected from Israel:Snir Stream biological replicate 2	AMPLICON	GENOMIC	PCR	paired	ILLUMINA	Illumina MiSeq	Single barcode, two-step PCR, V3-V4 fragment	fastq	AS160_S49_L001_R1_001.fastq.gz	AS160_S49_L001_R2_001.fastq.gz
AS163	AS163	16 rRNA V3V4 metabarcoding sample of Carasobarbus canis Fish skin swab collected from Israel:Snir Stream biological replicate 5	AMPLICON	GENOMIC	PCR	paired	ILLUMINA	Illumina MiSeq	Single barcode, two-step PCR, V3-V4 fragment	fastq	AS163_S52_L001_R1_001.fastq.gz	AS163_S52_L001_R2_001.fastq.gz
AS159	AS159	16 rRNA V3V4 metabarcoding sample of Carasobarbus canis Fish skin swab collected from Israel:Snir Stream biological replicate 1	AMPLICON	GENOMIC	PCR	paired	ILLUMINA	Illumina MiSeq	Single barcode, two-step PCR, V3-V4 fragment	fastq	AS159_S48_L001_R1_001.fastq.gz	AS159_S48_L001_R2_001.fastq.gz
AS69	AS69	16 rRNA V3V4 metabarcoding sample of Coptodon zillii Fish skin swab collected from Israel:Tel Saharonim biological replicate 2	AMPLICON	GENOMIC	PCR	paired	ILLUMINA	Illumina MiSeq	Single barcode, two-step PCR, V3-V4 fragment	fastq	AS69_S12_L001_R1_001.fastq.gz	AS69_S12_L001_R2_001.fastq.gz
AS206	AS206	16 rRNA V3V4 metabarcoding sample of Acanthobrama lissneri Fish skin swab collected from Israel:Jordan River, North of Sea of Galilee biological replicate 1	AMPLICON	GENOMIC	PCR	paired	ILLUMINA	Illumina MiSeq	Single barcode, two-step PCR, V3-V4 fragment	fastq	AS206_S74_L001_R1_001.fastq.gz	AS206_S74_L001_R2_001.fastq.gz
AS78	AS78	16 rRNA V3V4 metabarcoding sample of Cichlidae Fish skin swab collected from Israel:Asi Stream biological replicate 3	AMPLICON	GENOMIC	PCR	paired	ILLUMINA	Illumina MiSeq	Single barcode, two-step PCR, V3-V4 fragment	fastq	AS78_S23_L001_R1_001.fastq.gz	AS78_S23_L001_R2_001.fastq.gz
AS165	AS165	16 rRNA V3V4 metabarcoding sample of Acanthobrama lissneri Fish skin swab collected from Israel:Snir Stream biological replicate 1	AMPLICON	GENOMIC	PCR	paired	ILLUMINA	Illumina MiSeq	Single barcode, two-step PCR, V3-V4 fragment	fastq	AS165_S54_L001_R1_001.fastq.gz	AS165_S54_L001_R2_001.fastq.gz
AS103	AS103	16 rRNA V3V4 metabarcoding sample of Oxynoemacheilus insignis Fish skin swab collected from Israel:Hermon Stream biological replicate 3	AMPLICON	GENOMIC	PCR	paired	ILLUMINA	Illumina MiSeq	Single barcode, two-step PCR, V3-V4 fragment	fastq	AS103_S51_L001_R1_001.fastq.gz	AS103_S51_L001_R2_001.fastq.gz
AS161	AS161	16 rRNA V3V4 metabarcoding sample of Carasobarbus canis Fish skin swab collected from Israel:Snir Stream biological replicate 3	AMPLICON	GENOMIC	PCR	paired	ILLUMINA	Illumina MiSeq	Single barcode, two-step PCR, V3-V4 fragment	fastq	AS161_S50_L001_R1_001.fastq.gz	AS161_S50_L001_R2_001.fastq.gz
AS87	AS87	16 rRNA V3V4 metabarcoding sample of Sarotherodon  galilaeus Fish skin swab collected from Israel:Asi Stream biological replicate 3	AMPLICON	GENOMIC	PCR	paired	ILLUMINA	Illumina MiSeq	Single barcode, two-step PCR, V3-V4 fragment	fastq	AS87_S31_L001_R1_001.fastq.gz	AS87_S31_L001_R2_001.fastq.gz
AS153	AS153	16 rRNA V3V4 metabarcoding sample of Capoeta damascina Fish skin swab collected from Israel:Snir Stream biological replicate 5	AMPLICON	GENOMIC	PCR	paired	ILLUMINA	Illumina MiSeq	Single barcode, two-step PCR, V3-V4 fragment	fastq	AS153_S42_L001_R1_001.fastq.gz	AS153_S42_L001_R2_001.fastq.gz
AS217	AS217	16 rRNA V3V4 metabarcoding sample of Capoeta damascina Fish skin swab collected from Israel:Jordan River, North of Sea of Galilee biological replicate 4	AMPLICON	GENOMIC	PCR	paired	ILLUMINA	Illumina MiSeq	Single barcode, two-step PCR, V3-V4 fragment	fastq	AS217_S22_L001_R1_001.fastq.gz	AS217_S22_L001_R2_001.fastq.gz
AS83	AS83	16 rRNA V3V4 metabarcoding sample of Astatotilapia flaviijosephi Fish skin swab collected from Israel:Asi Stream biological replicate 2	AMPLICON	GENOMIC	PCR	paired	ILLUMINA	Illumina MiSeq	Single barcode, two-step PCR, V3-V4 fragment	fastq	AS83_S27_L001_R1_001.fastq.gz	AS83_S27_L001_R2_001.fastq.gz
AS176	AS176	16 rRNA V3V4 metabarcoding sample of Capoeta damascina Fish skin swab collected from Israel:Snir Stream biological replicate 5	AMPLICON	GENOMIC	PCR	paired	ILLUMINA	Illumina MiSeq	Single barcode, two-step PCR, V3-V4 fragment	fastq	AS176_S65_L001_R1_001.fastq.gz	AS176_S65_L001_R2_001.fastq.gz
AS96BC16	AS96BC16	16 rRNA V3V4 metabarcoding sample of  Water collected from Israel:Asi Stream 	AMPLICON	GENOMIC	PCR	paired	ILLUMINA	Illumina MiSeq	Single barcode, two-step PCR, V3-V4 fragment	fastq	AS96BC16_S150_L001_R1_001.fastq.gz	AS96BC16_S150_L001_R2_001.fastq.gz
AS193	AS193	16 rRNA V3V4 metabarcoding sample of Capoeta damascina Fish skin swab collected from Israel:Snir Stream biological replicate 2	AMPLICON	GENOMIC	PCR	paired	ILLUMINA	Illumina MiSeq	Single barcode, two-step PCR, V3-V4 fragment	fastq	AS193_S82_L001_R1_001.fastq.gz	AS193_S82_L001_R2_001.fastq.gz
AS228	AS228	16 rRNA V3V4 metabarcoding sample of Oxynoemacheilus insignis Fish skin swab collected from Israel:Jordan River, North of Sea of Galilee biological replicate 3	AMPLICON	GENOMIC	PCR	paired	ILLUMINA	Illumina MiSeq	Single barcode, two-step PCR, V3-V4 fragment	fastq	AS228_S62_L001_R1_001.fastq.gz	AS228_S62_L001_R2_001.fastq.gz
AS113	AS113	16 rRNA V3V4 metabarcoding sample of Capoeta damascina Fish skin swab collected from Israel:Hermon Stream biological replicate 4	AMPLICON	GENOMIC	PCR	paired	ILLUMINA	Illumina MiSeq	Single barcode, two-step PCR, V3-V4 fragment	fastq	AS113_S11_L001_R1_001.fastq.gz	AS113_S11_L001_R2_001.fastq.gz
AS233	AS233	16 rRNA V3V4 metabarcoding sample of Capoeta damascina Fish skin swab collected from Israel:Jordan River, North of Sea of Galilee biological replicate 2	AMPLICON	GENOMIC	PCR	paired	ILLUMINA	Illumina MiSeq	Single barcode, two-step PCR, V3-V4 fragment	fastq	AS233_S24_L001_R1_001.fastq.gz	AS233_S24_L001_R2_001.fastq.gz
AS248	AS248	16 rRNA V3V4 metabarcoding sample of Cichlidae Fish skin swab collected from Israel:Jordan River, North of Sea of Galilee biological replicate 1	AMPLICON	GENOMIC	PCR	paired	ILLUMINA	Illumina MiSeq	Single barcode, two-step PCR, V3-V4 fragment	fastq	AS248_S79_L001_R1_001.fastq.gz	AS248_S79_L001_R2_001.fastq.gz
AS175	AS175	16 rRNA V3V4 metabarcoding sample of Capoeta damascina Fish skin swab collected from Israel:Snir Stream biological replicate 4	AMPLICON	GENOMIC	PCR	paired	ILLUMINA	Illumina MiSeq	Single barcode, two-step PCR, V3-V4 fragment	fastq	AS175_S64_L001_R1_001.fastq.gz	AS175_S64_L001_R2_001.fastq.gz
AS212	AS212	16 rRNA V3V4 metabarcoding sample of Oreochromis aureus Fish skin swab collected from Israel:Jordan River, North of Sea of Galilee biological replicate 3	AMPLICON	GENOMIC	PCR	paired	ILLUMINA	Illumina MiSeq	Single barcode, two-step PCR, V3-V4 fragment	fastq	AS212_S32_L001_R1_001.fastq.gz	AS212_S32_L001_R2_001.fastq.gz
AS92	AS92	16 rRNA V3V4 metabarcoding sample of Coptodon zillii Fish skin swab collected from Israel:Asi Stream biological replicate 4	AMPLICON	GENOMIC	PCR	paired	ILLUMINA	Illumina MiSeq	Single barcode, two-step PCR, V3-V4 fragment	fastq	AS92_S36_L001_R1_001.fastq.gz	AS92_S36_L001_R2_001.fastq.gz
AS135BC21	AS135BC21	16 rRNA V3V4 metabarcoding sample of  Water collected from Israel:Hermon Stream 	AMPLICON	GENOMIC	PCR	paired	ILLUMINA	Illumina MiSeq	Single barcode, two-step PCR, V3-V4 fragment	fastq	AS135BC21_S155_L001_R1_001.fastq.gz	AS135BC21_S155_L001_R2_001.fastq.gz
AS190	AS190	16 rRNA V3V4 metabarcoding sample of Barbus longiceps Fish skin swab collected from Israel:Snir Stream biological replicate 2	AMPLICON	GENOMIC	PCR	paired	ILLUMINA	Illumina MiSeq	Single barcode, two-step PCR, V3-V4 fragment	fastq	AS190_S79_L001_R1_001.fastq.gz	AS190_S79_L001_R2_001.fastq.gz
AS119	AS119	16 rRNA V3V4 metabarcoding sample of Oxynoemacheilus insignis Fish skin swab collected from Israel:Hermon Stream biological replicate 1	AMPLICON	GENOMIC	PCR	paired	ILLUMINA	Illumina MiSeq	Single barcode, two-step PCR, V3-V4 fragment	fastq	AS119_S57_L001_R1_001.fastq.gz	AS119_S57_L001_R2_001.fastq.gz
AS107	AS107	16 rRNA V3V4 metabarcoding sample of Capoeta damascina Fish skin swab collected from Israel:Hermon Stream biological replicate 3	AMPLICON	GENOMIC	PCR	paired	ILLUMINA	Illumina MiSeq	Single barcode, two-step PCR, V3-V4 fragment	fastq	AS107_S6_L001_R1_001.fastq.gz	AS107_S6_L001_R2_001.fastq.gz
AS245	AS245	16 rRNA V3V4 metabarcoding sample of Pseudophoxinus kervillei Fish skin swab collected from Israel:Jordan River, North of Sea of Galilee biological replicate 2	AMPLICON	GENOMIC	PCR	paired	ILLUMINA	Illumina MiSeq	Single barcode, two-step PCR, V3-V4 fragment	fastq	AS245_S68_L001_R1_001.fastq.gz	AS245_S68_L001_R2_001.fastq.gz
AS209	AS209	16 rRNA V3V4 metabarcoding sample of Coptodon zillii Fish skin swab collected from Israel:Jordan River, North of Sea of Galilee biological replicate 1	AMPLICON	GENOMIC	PCR	paired	ILLUMINA	Illumina MiSeq	Single barcode, two-step PCR, V3-V4 fragment	fastq	AS209_S38_L001_R1_001.fastq.gz	AS209_S38_L001_R2_001.fastq.gz
AS215	AS215	16 rRNA V3V4 metabarcoding sample of Capoeta damascina Fish skin swab collected from Israel:Jordan River, North of Sea of Galilee biological replicate 2	AMPLICON	GENOMIC	PCR	paired	ILLUMINA	Illumina MiSeq	Single barcode, two-step PCR, V3-V4 fragment	fastq	AS215_S20_L001_R1_001.fastq.gz	AS215_S20_L001_R2_001.fastq.gz
AS110	AS110	16 rRNA V3V4 metabarcoding sample of Capoeta damascina Fish skin swab collected from Israel:Hermon Stream biological replicate 1	AMPLICON	GENOMIC	PCR	paired	ILLUMINA	Illumina MiSeq	Single barcode, two-step PCR, V3-V4 fragment	fastq	AS110_S8_L001_R1_001.fastq.gz	AS110_S8_L001_R2_001.fastq.gz
AS90	AS90	16 rRNA V3V4 metabarcoding sample of Coptodon zillii Fish skin swab collected from Israel:Asi Stream biological replicate 2	AMPLICON	GENOMIC	PCR	paired	ILLUMINA	Illumina MiSeq	Single barcode, two-step PCR, V3-V4 fragment	fastq	AS90_S34_L001_R1_001.fastq.gz	AS90_S34_L001_R2_001.fastq.gz
AS208	AS208	16 rRNA V3V4 metabarcoding sample of Garra nana Fish skin swab collected from Israel:Jordan River, North of Sea of Galilee biological replicate 1	AMPLICON	GENOMIC	PCR	paired	ILLUMINA	Illumina MiSeq	Single barcode, two-step PCR, V3-V4 fragment	fastq	AS208_S29_L001_R1_001.fastq.gz	AS208_S29_L001_R2_001.fastq.gz
AS157	AS157	16 rRNA V3V4 metabarcoding sample of Garra jordanica Fish skin swab collected from Israel:Snir Stream biological replicate 4	AMPLICON	GENOMIC	PCR	paired	ILLUMINA	Illumina MiSeq	Single barcode, two-step PCR, V3-V4 fragment	fastq	AS157_S46_L001_R1_001.fastq.gz	AS157_S46_L001_R2_001.fastq.gz
AS181	AS181	16 rRNA V3V4 metabarcoding sample of Oxynoemacheilus insignis Fish skin swab collected from Israel:Snir Stream biological replicate 5	AMPLICON	GENOMIC	PCR	paired	ILLUMINA	Illumina MiSeq	Single barcode, two-step PCR, V3-V4 fragment	fastq	AS181_S70_L001_R1_001.fastq.gz	AS181_S70_L001_R2_001.fastq.gz
AS152	AS152	16 rRNA V3V4 metabarcoding sample of Capoeta damascina Fish skin swab collected from Israel:Snir Stream biological replicate 4	AMPLICON	GENOMIC	PCR	paired	ILLUMINA	Illumina MiSeq	Single barcode, two-step PCR, V3-V4 fragment	fastq	AS152_S41_L001_R1_001.fastq.gz	AS152_S41_L001_R2_001.fastq.gz
AS132	AS132	16 rRNA V3V4 metabarcoding sample of Capoeta damascina Fish skin swab collected from Israel:Hermon Stream biological replicate 5	AMPLICON	GENOMIC	PCR	paired	ILLUMINA	Illumina MiSeq	Single barcode, two-step PCR, V3-V4 fragment	fastq	AS132_S92_L001_R1_001.fastq.gz	AS132_S92_L001_R2_001.fastq.gz
AS99	AS99	16 rRNA V3V4 metabarcoding sample of Capoeta damascina Fish skin swab collected from Israel:Hermon Stream biological replicate 2	AMPLICON	GENOMIC	PCR	paired	ILLUMINA	Illumina MiSeq	Single barcode, two-step PCR, V3-V4 fragment	fastq	AS99_S2_L001_R1_001.fastq.gz	AS99_S2_L001_R2_001.fastq.gz
AS144	AS144	16 rRNA V3V4 metabarcoding sample of Oxynoemacheilus insignis Fish skin swab collected from Israel:Tel Saharonim biological replicate 4	AMPLICON	GENOMIC	PCR	paired	ILLUMINA	Illumina MiSeq	Single barcode, two-step PCR, V3-V4 fragment	fastq	AS144_S84_L001_R1_001.fastq.gz	AS144_S84_L001_R2_001.fastq.gz
AS173	AS173	16 rRNA V3V4 metabarcoding sample of Capoeta damascina Fish skin swab collected from Israel:Snir Stream biological replicate 2	AMPLICON	GENOMIC	PCR	paired	ILLUMINA	Illumina MiSeq	Single barcode, two-step PCR, V3-V4 fragment	fastq	AS173_S62_L001_R1_001.fastq.gz	AS173_S62_L001_R2_001.fastq.gz
AS105	AS105	16 rRNA V3V4 metabarcoding sample of Capoeta damascina Fish skin swab collected from Israel:Hermon Stream biological replicate 1	AMPLICON	GENOMIC	PCR	paired	ILLUMINA	Illumina MiSeq	Single barcode, two-step PCR, V3-V4 fragment	fastq	AS105_S4_L001_R1_001.fastq.gz	AS105_S4_L001_R2_001.fastq.gz
AS128	AS128	16 rRNA V3V4 metabarcoding sample of Capoeta damascina Fish skin swab collected from Israel:Hermon Stream biological replicate 1	AMPLICON	GENOMIC	PCR	paired	ILLUMINA	Illumina MiSeq	Single barcode, two-step PCR, V3-V4 fragment	fastq	AS128_S88_L001_R1_001.fastq.gz	AS128_S88_L001_R2_001.fastq.gz
AS218	AS218	16 rRNA V3V4 metabarcoding sample of Carasobarbus canis Fish skin swab collected from Israel:Jordan River, North of Sea of Galilee biological replicate 1	AMPLICON	GENOMIC	PCR	paired	ILLUMINA	Illumina MiSeq	Single barcode, two-step PCR, V3-V4 fragment	fastq	AS218_S45_L001_R1_001.fastq.gz	AS218_S45_L001_R2_001.fastq.gz
AS155	AS155	16 rRNA V3V4 metabarcoding sample of Garra jordanica Fish skin swab collected from Israel:Snir Stream biological replicate 2	AMPLICON	GENOMIC	PCR	paired	ILLUMINA	Illumina MiSeq	Single barcode, two-step PCR, V3-V4 fragment	fastq	AS155_S44_L001_R1_001.fastq.gz	AS155_S44_L001_R2_001.fastq.gz
AS66	AS66	16 rRNA V3V4 metabarcoding sample of Sarotherodon  galilaeus Fish skin swab collected from Israel:Tel Saharonim biological replicate 4	AMPLICON	GENOMIC	PCR	paired	ILLUMINA	Illumina MiSeq	Single barcode, two-step PCR, V3-V4 fragment	fastq	AS66_S9_L001_R1_001.fastq.gz	AS66_S9_L001_R2_001.fastq.gz
AS195	AS195	16 rRNA V3V4 metabarcoding sample of Capoeta damascina Fish skin swab collected from Israel:Snir Stream biological replicate 4	AMPLICON	GENOMIC	PCR	paired	ILLUMINA	Illumina MiSeq	Single barcode, two-step PCR, V3-V4 fragment	fastq	AS195_S85_L001_R1_001.fastq.gz	AS195_S85_L001_R2_001.fastq.gz
AS71	AS71	16 rRNA V3V4 metabarcoding sample of Oreochromis Fish skin swab collected from Israel:Tel Saharonim biological replicate 2	AMPLICON	GENOMIC	PCR	paired	ILLUMINA	Illumina MiSeq	Single barcode, two-step PCR, V3-V4 fragment	fastq	AS71_S14_L001_R1_001.fastq.gz	AS71_S14_L001_R2_001.fastq.gz
AS81	AS81	16 rRNA V3V4 metabarcoding sample of Mugil Fish skin swab collected from Israel:Asi Stream biological replicate 3	AMPLICON	GENOMIC	PCR	paired	ILLUMINA	Illumina MiSeq	Single barcode, two-step PCR, V3-V4 fragment	fastq	AS81_S24_L001_R1_001.fastq.gz	AS81_S24_L001_R2_001.fastq.gz
AS120	AS120	16 rRNA V3V4 metabarcoding sample of Oxynoemacheilus insignis Fish skin swab collected from Israel:Hermon Stream biological replicate 2	AMPLICON	GENOMIC	PCR	paired	ILLUMINA	Illumina MiSeq	Single barcode, two-step PCR, V3-V4 fragment	fastq	AS120_S58_L001_R1_001.fastq.gz	AS120_S58_L001_R2_001.fastq.gz
AS231	AS231	16 rRNA V3V4 metabarcoding sample of Oxynoemacheilus insignis Fish skin swab collected from Israel:Jordan River, North of Sea of Galilee biological replicate 6	AMPLICON	GENOMIC	PCR	paired	ILLUMINA	Illumina MiSeq	Single barcode, two-step PCR, V3-V4 fragment	fastq	AS231_S65_L001_R1_001.fastq.gz	AS231_S65_L001_R2_001.fastq.gz
AS221	AS221	16 rRNA V3V4 metabarcoding sample of Carasobarbus canis Fish skin swab collected from Israel:Jordan River, North of Sea of Galilee biological replicate 4	AMPLICON	GENOMIC	PCR	paired	ILLUMINA	Illumina MiSeq	Single barcode, two-step PCR, V3-V4 fragment	fastq	AS221_S48_L001_R1_001.fastq.gz	AS221_S48_L001_R2_001.fastq.gz
AS241	AS241	16 rRNA V3V4 metabarcoding sample of Sarotherodon  galilaeus Fish skin swab collected from Israel:Jordan River, North of Sea of Galilee biological replicate 1	AMPLICON	GENOMIC	PCR	paired	ILLUMINA	Illumina MiSeq	Single barcode, two-step PCR, V3-V4 fragment	fastq	AS241_S71_L001_R1_001.fastq.gz	AS241_S71_L001_R2_001.fastq.gz
AS116	AS116	16 rRNA V3V4 metabarcoding sample of Oxynoemacheilus insignis Fish skin swab collected from Israel:Hermon Stream biological replicate 3	AMPLICON	GENOMIC	PCR	paired	ILLUMINA	Illumina MiSeq	Single barcode, two-step PCR, V3-V4 fragment	fastq	AS116_S55_L001_R1_001.fastq.gz	AS116_S55_L001_R2_001.fastq.gz
AS147BC23	AS147BC23	16 rRNA V3V4 metabarcoding sample of  Water collected from Israel:Snir Stream 	AMPLICON	GENOMIC	PCR	paired	ILLUMINA	Illumina MiSeq	Single barcode, two-step PCR, V3-V4 fragment	fastq	AS147BC23_S157_L001_R1_001.fastq.gz	AS147BC23_S157_L001_R2_001.fastq.gz
AS244	AS244	16 rRNA V3V4 metabarcoding sample of Pseudophoxinus kervillei Fish skin swab collected from Israel:Jordan River, North of Sea of Galilee biological replicate 1	AMPLICON	GENOMIC	PCR	paired	ILLUMINA	Illumina MiSeq	Single barcode, two-step PCR, V3-V4 fragment	fastq	AS244_S67_L001_R1_001.fastq.gz	AS244_S67_L001_R2_001.fastq.gz
AS184	AS184	16 rRNA V3V4 metabarcoding sample of Acanthobrama lissneri Fish skin swab collected from Israel:Snir Stream biological replicate 1	AMPLICON	GENOMIC	PCR	paired	ILLUMINA	Illumina MiSeq	Single barcode, two-step PCR, V3-V4 fragment	fastq	AS184_S73_L001_R1_001.fastq.gz	AS184_S73_L001_R2_001.fastq.gz
AS74	AS74	16 rRNA V3V4 metabarcoding sample of Gambusia affinis Fish skin swab collected from Israel:Asi Stream biological replicate 1	AMPLICON	GENOMIC	PCR	paired	ILLUMINA	Illumina MiSeq	Single barcode, two-step PCR, V3-V4 fragment	fastq	AS74_S17_L001_R1_001.fastq.gz	AS74_S17_L001_R2_001.fastq.gz
AS95BC15	AS95BC15	16 rRNA V3V4 metabarcoding sample of  Water collected from Israel:Tel Saharonim 	AMPLICON	GENOMIC	PCR	paired	ILLUMINA	Illumina MiSeq	Single barcode, two-step PCR, V3-V4 fragment	fastq	AS95BC15_S149_L001_R1_001.fastq.gz	AS95BC15_S149_L001_R2_001.fastq.gz
AS112	AS112	16 rRNA V3V4 metabarcoding sample of Capoeta damascina Fish skin swab collected from Israel:Hermon Stream biological replicate 3	AMPLICON	GENOMIC	PCR	paired	ILLUMINA	Illumina MiSeq	Single barcode, two-step PCR, V3-V4 fragment	fastq	AS112_S10_L001_R1_001.fastq.gz	AS112_S10_L001_R2_001.fastq.gz
AS109BC18	AS109BC18	16 rRNA V3V4 metabarcoding sample of  Water collected from Israel:Hermon Stream 	AMPLICON	GENOMIC	PCR	paired	ILLUMINA	Illumina MiSeq	Single barcode, two-step PCR, V3-V4 fragment	fastq	AS109BC18_S152_L001_R1_001.fastq.gz	AS109BC18_S152_L001_R2_001.fastq.gz
AS196	AS196	16 rRNA V3V4 metabarcoding sample of Capoeta damascina Fish skin swab collected from Israel:Snir Stream biological replicate 5	AMPLICON	GENOMIC	PCR	paired	ILLUMINA	Illumina MiSeq	Single barcode, two-step PCR, V3-V4 fragment	fastq	AS196_S86_L001_R1_001.fastq.gz	AS196_S86_L001_R2_001.fastq.gz
AS170	AS170	16 rRNA V3V4 metabarcoding sample of Garra jordanica Fish skin swab collected from Israel:Snir Stream biological replicate 4	AMPLICON	GENOMIC	PCR	paired	ILLUMINA	Illumina MiSeq	Single barcode, two-step PCR, V3-V4 fragment	fastq	AS170_S59_L001_R1_001.fastq.gz	AS170_S59_L001_R2_001.fastq.gz
AS168	AS168	16 rRNA V3V4 metabarcoding sample of Garra jordanica Fish skin swab collected from Israel:Snir Stream biological replicate 2	AMPLICON	GENOMIC	PCR	paired	ILLUMINA	Illumina MiSeq	Single barcode, two-step PCR, V3-V4 fragment	fastq	AS168_S57_L001_R1_001.fastq.gz	AS168_S57_L001_R2_001.fastq.gz
AS118BC19	AS118BC19	16 rRNA V3V4 metabarcoding sample of  Water collected from Israel:Hermon Stream 	AMPLICON	GENOMIC	PCR	paired	ILLUMINA	Illumina MiSeq	Single barcode, two-step PCR, V3-V4 fragment	fastq	AS118BC19_S153_L001_R1_001.fastq.gz	AS118BC19_S153_L001_R2_001.fastq.gz
AS143	AS143	16 rRNA V3V4 metabarcoding sample of Oxynoemacheilus insignis Fish skin swab collected from Israel:Tel Saharonim biological replicate 3	AMPLICON	GENOMIC	PCR	paired	ILLUMINA	Illumina MiSeq	Single barcode, two-step PCR, V3-V4 fragment	fastq	AS143_S83_L001_R1_001.fastq.gz	AS143_S83_L001_R2_001.fastq.gz
AS177	AS177	16 rRNA V3V4 metabarcoding sample of Oxynoemacheilus insignis Fish skin swab collected from Israel:Snir Stream biological replicate 1	AMPLICON	GENOMIC	PCR	paired	ILLUMINA	Illumina MiSeq	Single barcode, two-step PCR, V3-V4 fragment	fastq	AS177_S66_L001_R1_001.fastq.gz	AS177_S66_L001_R2_001.fastq.gz
AS222	AS222	16 rRNA V3V4 metabarcoding sample of Acanthobrama lissneri Fish skin swab collected from Israel:Jordan River, North of Sea of Galilee biological replicate 1	AMPLICON	GENOMIC	PCR	paired	ILLUMINA	Illumina MiSeq	Single barcode, two-step PCR, V3-V4 fragment	fastq	AS222_S75_L001_R1_001.fastq.gz	AS222_S75_L001_R2_001.fastq.gz
AS79	AS79	16 rRNA V3V4 metabarcoding sample of Mugil Fish skin swab collected from Israel:Asi Stream biological replicate 1	AMPLICON	GENOMIC	PCR	paired	ILLUMINA	Illumina MiSeq	Single barcode, two-step PCR, V3-V4 fragment	fastq	AS79_S21_L001_R1_001.fastq.gz	AS79_S21_L001_R2_001.fastq.gz
AS134	AS134	16 rRNA V3V4 metabarcoding sample of Capoeta damascina Fish skin swab collected from Israel:Hermon Stream biological replicate 7	AMPLICON	GENOMIC	PCR	paired	ILLUMINA	Illumina MiSeq	Single barcode, two-step PCR, V3-V4 fragment	fastq	AS134_S94_L001_R1_001.fastq.gz	AS134_S94_L001_R2_001.fastq.gz
AS130	AS130	16 rRNA V3V4 metabarcoding sample of Capoeta damascina Fish skin swab collected from Israel:Hermon Stream biological replicate 3	AMPLICON	GENOMIC	PCR	paired	ILLUMINA	Illumina MiSeq	Single barcode, two-step PCR, V3-V4 fragment	fastq	AS130_S90_L001_R1_001.fastq.gz	AS130_S90_L001_R2_001.fastq.gz
AS240	AS240	16 rRNA V3V4 metabarcoding sample of Coptodon zillii Fish skin swab collected from Israel:Jordan River, North of Sea of Galilee biological replicate 4	AMPLICON	GENOMIC	PCR	paired	ILLUMINA	Illumina MiSeq	Single barcode, two-step PCR, V3-V4 fragment	fastq	AS240_S42_L001_R1_001.fastq.gz	AS240_S42_L001_R2_001.fastq.gz
AS167	AS167	16 rRNA V3V4 metabarcoding sample of Garra jordanica Fish skin swab collected from Israel:Snir Stream biological replicate 1	AMPLICON	GENOMIC	PCR	paired	ILLUMINA	Illumina MiSeq	Single barcode, two-step PCR, V3-V4 fragment	fastq	AS167_S56_L001_R1_001.fastq.gz	AS167_S56_L001_R2_001.fastq.gz
AS192	AS192	16 rRNA V3V4 metabarcoding sample of Capoeta damascina Fish skin swab collected from Israel:Snir Stream biological replicate 1	AMPLICON	GENOMIC	PCR	paired	ILLUMINA	Illumina MiSeq	Single barcode, two-step PCR, V3-V4 fragment	fastq	AS192_S81_L001_R1_001.fastq.gz	AS192_S81_L001_R2_001.fastq.gz
